Name,Spin,Remnant Mass,N=0,N=1,N=2,N=3,N=4,N=5,N=6,N=7
0001,0.686461676493,0.951609417715,0.9507659091822734,3.9228109447655495,11.387638679110603,26.874528890793865,45.01705744519322,45.26917443609964,24.094928532850002,5.2951103617624815
0002,0.686447876542,0.951609624635,0.9834868613349507,2.2351569457094307,12.783467187973653,74.00142844822192,204.36979979367862,277.4676483844329,182.12463147559964,46.73411021607431
0003,0.691447175396,0.951082695452,0.8244123068668665,2.999894976040874,7.048650284111096,14.441364347817439,24.177297484251014,25.63904700256808,14.372873458747183,3.289629256306589
0007,0.664090940995,0.955269623847,0.926434053989134,3.7023598864313674,9.735429931341272,20.160696865985347,30.021996299542057,27.75958171727559,13.922973169944543,2.922313439556596
0008,0.664090718508,0.955267129967,0.9262376505311057,3.754800298422359,11.25872657649718,28.006409152626524,48.94381768456039,51.1585259321746,28.357088397800418,6.469240627095996
